tweet_id,favorite_count,retweet_count
891815181378084864,21967,3464
891689557279858688,36773,7190
891327558926688256,35167,7711
891087950875897856,17740,2584
890971913173991426,10328,1646
890729181411237888,56641,15674
890609185150312448,24411,3603
890240255349198849,27840,6066
890006608113172480,26930,6112
889880896479866881,24470,4139
889665388333682689,41862,8299
889638837579907072,23567,3699
889531135344209921,13309,1873
889278841981685760,22021,4418
888917238123831296,25522,3742
888804989199671297,22381,3510
888554962724278272,17242,2861
888078434458587136,19088,2884
887705289381826560,26513,4514
887517139158093824,40573,9804
887473957103951883,59954,14950
887343217045368832,29475,8773
887101392804085760,26890,4967
886983233522544640,30235,6284
886736880519319552,10457,2614
886680336477933568,19650,3717
886366144734445568,18478,2612
886267009285017600,105,4
886258384151887873,24437,5252
886054160059072513,0,93
885984800019947520,28485,5589
885528943205470208,31469,5305
885518971528720385,17939,3096
885311592912609280,0,15357
885167619883638784,19174,3652
884925521741709313,66984,14936
884876753390489601,24295,4640
884562892145688576,21223,3895
884441805382717440,23775,4775
884247878851493888,62971,16813
884162670584377345,17875,2493
883838122936631299,19080,2850
883482846933004288,40023,8219
883360690899218434,19867,3060
883117836046086144,32371,5510
882992080364220416,20906,3229
882762694511734784,24684,4074
882627270321602560,24515,5039
882268110199369728,39012,9579
882045870035918850,25617,4065
881906580714921986,21369,2839
881666595344535552,44361,8909
881633300179243008,113,8
881536004380872706,43274,13344
881268444196462592,20423,4481
880935762899988482,14989,2325
880872448815771648,18645,3191
880465832366813184,24915,5191
880221127280381952,23569,3446
880095782870896641,24225,3634
879862464715927552,19631,2913
879674319642796034,281,9
879492040517615616,20632,2617
879415818425184262,92465,37244
879376492567855104,14801,2634
879130579576475649,0,5708
879050749262655488,19734,3934
879008229531029506,16717,2230
878776093423087618,17079,3417
878604707211726852,26345,5895
878404777348136964,0,1070
878316110768087041,0,5498
878281511006478336,6753,1070
878057613040115712,37009,5708
877736472329191424,69012,15727
877611172832227328,0,70
877556246731214848,19828,3149
877316821321428993,24061,4320
877201837425926144,23783,4600
876838120628539392,18162,2794
876537666061221889,20988,3961
876484053909872640,16506,1989
876120275196170240,24599,3888
875747767867523072,22026,3565
875144289856114688,19359,4131
875097192612077568,24157,5091
875021211251597312,22481,3952
874680097055178752,24506,3904
874434818259525634,0,12154
874296783580663808,22874,3469
874057562936811520,20045,3367
874012996292530176,30014,8547
873580283840344065,21301,3333
873337748698140672,0,1325
873213775632977920,6298,1325
872967104147763200,23963,4545
872820683541237760,13023,3156
872620804844003328,18265,3058
872486979161796608,35975,7683
872122724285648897,30091,6799
871879754684805121,32951,9204
871762521631449091,17807,2956
871515927908634625,17843,2924
871166179821445120,0,4876
871102520638267392,18482,4649
871032628920680449,20084,3213
870804317367881728,29692,5265
870726314365509632,105,3
870656317836468226,10854,2190
870374049280663552,73687,22647
870308999962521604,19413,3533
870063196459192321,32304,7049
869772420881756160,37883,8657
869702957897576449,24954,5361
869596645499047938,14138,2626
869227993411051520,18078,3182
868880397819494401,57722,12196
868639477480148993,0,1740
868622495443632128,23557,4442
868552278524837888,8927,1740
867900495410671616,21513,3554
867774946302451713,30154,6227
867421006826221569,14293,2109
867072653475098625,0,100
867051520902168576,28596,6754
866720684873056260,17794,4114
866686824827068416,17057,2953
866450705531457537,108453,30045
866334964761202691,46409,12154
866094527597207552,0,7132
865718153858494464,22848,4813
865359393868664832,23502,4269
865006731092295680,24947,6631
864873206498414592,28736,7472
864279568663928832,13024,2570
864197398364647424,26540,7552
863907417377173506,18369,3576
863553081350529029,13622,3610
863471782782697472,0,2084
863432100342583297,21221,4542
863427515083354112,1956,80
863079547188785154,7873,949
863062471531167744,7497,2084
862831371563274240,17171,4442
862722525377298433,15281,3072
862457590147678208,18208,4229
862096992088072192,66027,19891
861383897657036800,32163,9225
861288531465048066,15295,3573
861005113778896900,14931,3319
860981674716409858,0,1848
860924035999428608,0,675
860563773140209665,6696,1848
860524505164394496,21183,4583
860276583193509888,16519,3055
860184849394610176,14950,5104
860177593139703809,0,26593
859924526012018688,17559,3572
859851578198683649,13942,3057
859607811541651456,16783,1359
859196978902773760,80269,26166
859074603037188101,30327,11916
858860390427611136,0,7044
858843525470990336,14082,3017
858471635011153920,19410,4239
858107933456039936,14180,2531
857989990357356544,14442,2258
857746408056729600,30694,9310
857393404942143489,5288,1436
857263160327368704,18194,3955
857214891891077121,203,16
857062103051644929,0,146
857029823797047296,16997,3470
856543823941562368,14784,2535
856526610513747968,10793,1650
856288084350160898,489,15
856282028240666624,25158,5562
855862651834028034,302,21
855860136149123072,4394,850
855857698524602368,10830,1853
855851453814013952,41802,16073
855818117272018944,24209,4796
855459453768019968,27016,7280
855245323840757760,0,5243
855138241867124737,0,36
854732716440526848,20617,5322
854482394044301312,26490,5995
854365224396361728,17142,4132
854120357044912130,29139,6569
854010172552949760,14795,2783
853760880890318849,25999,5102
853639147608842240,31434,8832
853299958564483072,14116,3159
852936405516943360,0,1782
852912242202992640,8222,1591
852672615818899456,13604,1903
852553447878664193,14841,3099
852311364735569921,30265,8836
852226086759018497,18299,6069
852189679701164033,10549,1414
851591660324737024,14918,3116
851464819735769094,22212,6289
851224888060895234,18982,5156
850753642995093505,28054,8051
850380195714523136,12038,2324
850333567704068097,3183,301
850145622816686080,15003,3384
850019790995546112,18720,4354
849776966551130114,27844,6793
849668094696017920,0,4428
849412302885593088,14638,2819
849336543269576704,10526,1683
849051919805034497,38899,7601
848690551926992896,23213,3913
848324959059550208,22765,4140
848213670039564288,7526,644
848212111729840128,14996,2711
847978865427394560,0,2911
847971574464610304,0,394
847962785489326080,21687,4559
847842811428974592,4998,1186
847617282490613760,6455,376
847606175596138505,17307,3075
847251039262605312,18920,3907
847157206088847362,18332,5243
847116187444137987,19823,2868
846874817362120707,18570,3539
846514051647705089,41061,10340
846505985330044928,13033,2752
846153765933735936,29011,8146
846139713627017216,28728,9140
846042936437604353,14769,2580
845812042753855489,26945,7841
845677943972139009,23383,4371
845397057150107648,7071,1616
845306882940190720,21557,4843
845098359547420673,0,6921
844979544864018432,12645,2306
844973813909606400,13896,2840
844580511645339650,15253,2805
844223788422217728,12665,1984
843981021012017153,14070,2695
843856843873095681,19900,4159
843604394117681152,15652,2475
843235543001513987,19910,5381
842846295480000512,14181,3310
842765311967449089,6278,1175
842535590457499648,16866,3163
842163532590374912,22674,5243
842115215311396866,12997,2753
841833993020538882,0,13523
841680585030541313,23984,7134
841439858740625411,11697,3303
841320156043304961,18371,5007
841314665196081154,14706,4220
841077006473256960,21287,4876
840761248237133825,0,1617
840728873075638272,0,14561
840698636975636481,163,2
840696689258311684,11447,889
840632337062862849,8403,1617
840370681858686976,15304,4169
840268004936019968,17843,5202
839990271299457024,12501,2063
839549326359670784,25513,7044
839290600511926273,0,132
839239871831150596,25175,5915
838952994649550848,18326,3654
838921590096166913,10391,1852
838916489579200512,0,31
838831947270979586,0,9994
838561493054533637,10216,1229
838476387338051585,20919,4329
838201503651401729,0,9150
838150277551247360,1565,301
838085839343206401,134,1
838083903487373313,16419,2831
837820167694528512,31754,7132
837482249356513284,3595,405
837471256429613056,11959,2058
837110210464448512,15041,2173
836989968035819520,11919,2107
836753516572119041,18073,4252
836677758902222849,11819,2019
836648853927522308,0,505
836397794269200385,0,24995
836380477523124226,13876,2744
836260088725786625,19904,3969
836001077879255040,17847,3877
835685285446955009,0,7397
835574547218894849,16601,3289
835536468978302976,0,1539
835309094223372289,0,19095
835297930240217089,15394,2733
835264098648616962,7209,1539
835246439529840640,1986,63
835172783151792128,24508,5283
835152434251116546,20898,2754
834931633769889797,10074,1486
834786237630337024,20168,5101
834574053763584002,12779,2304
834477809192075265,0,9739
834458053273591808,9010,1543
834209720923721728,19191,4314
834167344700198914,14803,3353
834089966724603904,9428,1960
834086379323871233,12206,2036
833863086058651648,12587,2202
833826103416520705,17038,3481
833732339549220864,0,203
833722901757046785,19629,2989
833479644947025920,13972,1882
833124694597443584,18940,4428
832998151111966721,12393,2006
832769181346996225,0,38
832757312314028032,15819,3312
832682457690300417,11104,2658
832645525019123713,2727,483
832636094638288896,14852,2552
832397543355072512,11213,2034
832369877331693569,16028,2911
832273440279240704,10626,2138
832215909146226688,0,5699
832215726631055365,0,8558
832088576586297345,59,2
832040443403784192,0,8792
832032802820481025,16722,4290
831939777352105988,22418,5639
831926988323639298,319,34
831911600680497154,25757,5954
831670449226514432,9762,1684
831650051525054464,6659,1782
831552930092285952,8436,2152
831322785565769729,8730,1437
831315979191906304,6158,1035
831309418084069378,11054,2256
831262627380748289,11123,1883
830956169170665475,7486,1373
830583320585068544,62161,15357
830173239259324417,0,5224
830097400375152640,9129,2683
829878982036299777,0,4590
829861396166877184,11483,1789
829501995190984704,29799,9739
829449946868879360,9840,1854
829141528400556032,22844,6741
829011960981237760,50137,15048
828801551087042563,0,3150
828770345708580865,24003,5378
828708714936930305,34132,10281
828650029636317184,8923,1232
828409743546925057,6027,1078
828408677031882754,7225,1182
828381636999917570,11825,2053
828376505180889089,6969,990
828372645993398273,11835,2718
828361771580813312,2061,165
828046555563323392,11020,2645
828011680017821696,9745,1981
827933404142436356,18778,4808
827653905312006145,14544,2787
827600520311402496,7041,863
827324948884643840,14901,2796
827199976799354881,9967,2052
826958653328592898,20245,4590
826848821049180160,33923,9300
826615380357632002,0,3665
826598799820865537,4843,229
826598365270007810,9414,2172
826476773533745153,17308,3879
826240494070030336,12492,2409
826204788643753985,4579,855
826115272272650244,14692,2852
825876512159186944,9891,1731
825829644528148480,11980,2323
825535076884762624,53794,16294
825147591692263424,17198,4165
825120256414846976,0,1165
825026590719483904,5887,1165
824796380199809024,0,5077
824775126675836928,14010,3258
824663926340194305,9911,1633
824325613288833024,11135,9850
824297048279236611,14170,3553
824025158776213504,4566,557
823939628516474880,10032,2522
823719002937630720,0,10308
823699002998870016,13156,2329
823581115634085888,12210,2433
823333489516937216,662,22
823322678127919110,14771,3699
823269594223824897,0,9180
822975315408461824,16315,3186
822872901745569793,123629,39729
822859134160621569,12407,2103
822647212903690241,0,5931
822610361945911296,13916,2719
822489057087389700,17049,5931
822462944365645825,26204,13075
822244816520155136,32998,9180
822163064745328640,0,4351
821886076407029760,10640,2130
821813639212650496,0,3110
821765923262631936,7886,1553
821522889702862852,7540,1625
821421320206483457,0,5106
821407182352777218,11062,3977
821153421864615936,236,8
821149554670182400,8085,1818
821107785811234820,9030,1962
821044531881721856,11900,2114
820837357901512704,0,6211
820749716845686786,29714,9150
820690176645140481,11555,2989
820494788566847489,0,521
820446719150292993,0,2383
820314633777061888,3152,521
820078625395449857,18561,5762
820013781606658049,0,1078
819952236453363712,5002,1078
819924195358416896,12194,4524
819711362133872643,12572,2855
819588359383371776,9126,1863
819347104292290561,6811,1115
819238181065359361,2133,378
819227688460238848,21720,6211
819015337530290176,0,34400
819015331746349057,0,17718
819006400881917954,42865,17718
819004803107983360,82373,34400
818646164899774465,0,19349
818627210458333184,21159,7034
818614493328580609,9268,2345
818588835076603904,0,5666
818536468981415936,10235,2262
818307523543449600,0,7416
818259473185828864,10377,2072
818145370475810820,11575,2358
817908911860748288,4591,738
817827839487737858,48406,24995
817777686764523521,10190,2512
817536400337801217,11076,2719
817502432452313088,0,3131
817423860136083457,31718,13523
817415592588222464,5278,885
817181837579653120,0,7830
817171292965273600,8277,1856
817120970343411712,11502,2404
817056546584727552,8105,1509
816829038950027264,0,4371
816816676327063552,9444,1884
816697700272001025,9210,2044
816450570814898180,28559,7416
816336735214911488,8145,1793
816091915477250048,8459,1977
816062466425819140,0,942
816014286006976512,0,4858
815990720817401858,4676,942
815966073409433600,21052,7830
815745968457060357,0,3841
815736392542261248,9270,2108
815639385530101762,7792,1547
815390420867969024,9795,3550
814986499976527872,7233,1183
814638523311648768,10654,2515
814578408554463233,0,5436
814530161257443328,8187,1732
814153002265309185,27136,8067
813944609378369540,0,2943
813910438903693312,8827,1724
813812741911748608,34497,12987
813800681631023104,7862,1640
813217897535406080,17610,6821
813202720496779264,8738,1699
813187593374461952,18746,4027
813172488309972993,8771,1799
813157409116065792,7351,2059
813142292504645637,8057,2236
813130366689148928,4253,417
813127251579564032,11175,2908
813112105746448384,9767,2554
813096984823349248,9995,3366
813081950185472002,9395,2584
813066809284972545,7523,1821
813051746834595840,19851,6816
812781120811126785,7128,1782
812709060537683968,6271,1347
812503143955202048,5718,1146
812466873996607488,7549,1795
812372279581671427,12882,3409
811985624773361665,6886,1304
811744202451197953,7131,1466
811647686436880384,5293,680
811627233043480576,12021,2834
811386762094317568,19785,5952
810984652412424192,5034,1323
810896069567610880,8496,1637
810657578271330305,10387,2458
810284430598270976,33172,10458
810254108431155201,13918,3150
809920764300447744,14734,3665
809808892968534016,0,4555
809448704142938112,6586,1360
809220051211603969,18798,5224
809084759137812480,12517,3280
808838249661788160,9612,2854
808733504066486276,7467,2028
808501579447930884,10712,2446
808344865868283904,40025,19349
808134635716833280,0,5490
808106460588765185,8363,2060
808001312164028416,11804,3294
807621403335917568,13799,3369
807106840509214720,111141,51392
807059379405148160,0,6860
807010152071229440,12424,3613
806629075125202948,70289,32207
806620845233815552,0,5123
806576416489959424,4647,1818
806542213899489280,9699,2207
806242860592926720,0,10822
806219024703037440,6115,1130
805958939288408065,0,4988
805932879469572096,7849,1794
805826884734976000,6213,1711
805823200554876929,0,7426
805520635690676224,5461,1547
805487436403003392,8314,2368
805207613751304193,7449,1620
804738756058218496,12930,3589
804475857670639616,5821,1882
804413760345620481,0,2997
804026241225523202,41897,14962
803773340896923648,9507,2576
803692223237865472,0,6893
803638050916102144,10335,3870
803380650405482500,7358,1761
803321560782307329,0,4938
803276597545603072,9499,2288
802952499103731712,8544,1865
802624713319034886,0,2715
802600418706604034,6743,1377
802572683846291456,8484,2348
802323869084381190,15294,5453
802265048156610565,6597,1287
802239329049477120,8619,2446
802185808107208704,0,250
801958328846974976,7344,1591
801854953262350336,1719,218
801538201127157760,7790,1946
801285448605831168,5718,770
801167903437357056,23091,5490
801127390143516673,0,3688
801115127852503040,7657,1980
800859414831898624,644,90
800855607700029440,0,1511
800751577355128832,10059,2613
800513324630806528,12445,2812
800459316964663297,9015,2053
800443802682937345,0,4007
800388270626521089,10568,2626
800188575492947969,0,3678
800141422401830912,14464,2383
800018252395122689,26797,12252
799774291445383169,0,4350
799757965289017345,7943,1996
799422933579902976,7666,1792
799308762079035393,0,5056
799297110730567681,9352,2549
799063482566066176,7668,2333
798933969379225600,12373,4136
798925684722855936,7143,1354
798705661114773508,0,6181
798701998996647937,0,7197
798697898615730177,0,6069
798694562394996736,0,4625
798686750113755136,0,2170
798682547630837760,0,4413
798673117451325440,0,5200
798665375516884993,0,3663
798644042770751489,0,1736
798628517273620480,0,1856
798585098161549313,0,5248
798576900688019456,0,5452
798340744599797760,0,3129
798209839306514432,9889,2418
797971864723324932,10914,2880
797545162159308800,13833,4598
797236660651966464,18861,6124
797165961484890113,212,24
796904159865868288,0,8322
796865951799083009,7284,1824
796759840936919040,11170,2816
796563435802726400,0,6701
796484825502875648,7164,1644
796387464403357696,10420,3873
796177847564038144,0,13311
796149749086875649,30387,13311
796125600683540480,4718,1680
796116448414461957,8609,2242
796080075804475393,7992,2157
796031486298386433,10229,3488
795464331001561088,46587,21854
795400264262053889,9467,2671
795076730285391872,15291,5077
794983741416415232,0,3144
794926597468000259,9647,2149
794355576146903043,0,9620
794332329137291264,9099,2526
794205286408003585,8744,3102
793962221541933056,15851,4555
793845145112371200,8738,1738
793614319594401792,0,2914
793601777308463104,7554,1509
793500921481273345,10083,2221
793286476301799424,23272,8558
793271401113350145,8229,2235
793256262322548741,18863,7763
793241302385262592,9945,3061
793226087023144960,9251,2702
793210959003287553,8449,2599
793195938047070209,14394,5253
793180763617361921,6541,1857
793165685325201412,8873,2619
793150605191548928,5830,1590
793135492858580992,6055,2345
793120401413079041,11976,3665
792913359805018113,13539,3696
792883833364439040,10669,3988
792773781206999040,6979,1566
792394556390137856,12667,3998
792050063153438720,6756,1662
791821351946420224,0,19613
791784077045166082,0,8841
791780927877898241,0,3544
791774931465953280,42595,20665
791672322847637504,11108,2914
791406955684368384,12449,3841
791312159183634433,8292,2356
791026214425268224,0,3790
790987426131050500,9278,1981
790946055508652032,15816,4371
790723298204217344,0,2138
790698755171364864,7774,1795
790581949425475584,19471,6615
790337589677002753,7403,1763
790277117346975746,11851,2943
790227638568808452,0,3292
789986466051088384,8776,2138
789960241177853952,0,3806
789903600034189313,9752,3869
789628658055020548,7055,1636
789599242079838210,6357,1785
789530877013393408,11050,3144
789314372632018944,8171,2128
789280767834746880,0,4570
789268448748703744,8623,2433
789137962068021249,9201,2597
788908386943430656,25982,11663
788765914992902144,25812,9620
788552643979468800,0,6629
788412144018661376,14658,4905
788178268662984705,6867,1966
788150585577050112,5777,1196
788070120937619456,0,3199
788039637453406209,5771,1217
787810552592695296,8121,2830
787717603741622272,9681,2574
787397959788929025,10295,2652
787322443945877504,7368,1621
787111942498508800,0,6271
786963064373534720,25182,7397
786729988674449408,0,2266
786709082849828864,17310,5699
786664955043049472,10012,2357
786595970293370880,8947,2899
786363235746385920,10244,3203
786286427768250368,7541,2633
786233965241827333,14356,4351
786051337297522688,1348,145
786036967502913536,0,6476
785927819176054784,10763,2973
785872687017132033,6316,1666
785639753186217984,7428,2098
785533386513321988,8550,1831
785515384317313025,5768,1156
785264754247995392,6884,1511
785170936622350336,11319,4472
784826020293709826,9547,2997
784517518371221505,8468,2355
784431430411685888,5429,1180
784183165795655680,18876,7426
784057939640352768,27979,10308
783839966405230592,28282,9994
783821107061198850,6947,1817
783695101801398276,9830,2980
783466772167098368,7939,2072
783391753726550016,15935,5068
783347506784731136,0,5128
783334639985389568,27368,10822
783085703974514689,7706,2016
782969140009107456,22724,6860
782747134529531904,7050,1314
782722598790725632,16219,4988
782598640137187329,7361,1764
782305867769217024,15657,5106
782021823840026624,0,5701
781955203444699136,10530,3124
781661882474196992,9841,2507
781655249211752448,3756,1047
781524693396357120,19512,5123
781308096455073793,6709,2373
781251288990355457,7888,1919
781163403222056960,9235,2572
780931614150983680,20424,6701
780858289093574656,6775,1854
780800785462489090,5174,1196
780601303617732608,11386,3110
780543529827336192,5932,1623
780476555013349377,0,103
780459368902959104,4977,999
780192070812196864,8184,2074
780092040432480260,0,2120
780074436359819264,11389,4555
779834332596887552,17685,6476
779377524342161408,8219,2872
779124354206535695,0,16931
779056095788752897,13840,4191
778990705243029504,18687,6626
778774459159379968,0,9107
778764940568104960,819,337
778748913645780993,6440,1203
778650543019483137,5403,1383
778624900596654080,4329,940
778408200802557953,12826,3991
778396591732486144,0,11281
778383385161035776,5487,1017
778286810187399168,9702,3050
778039087836069888,7958,2452
778027034220126208,6173,1489
777953400541634568,0,3252
777885040357281792,5979,1511
777684233540206592,10575,2715
777641927919427584,0,3902
777621514455814149,8192,2328
777189768882946048,13268,3970
776819012571455488,0,12524
776813020089548800,4595,1110
776477788987613185,8216,2546
776249906839351296,0,8409
776218204058357768,27982,14629
776201521193218049,8994,2328
776113305656188928,11069,4007
776088319444877312,1710,141
775898661951791106,0,15451
775842724423557120,11000,2453
775733305207554048,13031,3688
775729183532220416,12232,4261
775364825476165632,6922,2705
775350846108426240,9539,3612
775085132600442880,14579,4350
774757898236878852,8108,1649
774639387460112384,6340,1608
774314403806253056,20470,5056
773985732834758656,10119,3572
773922284943896577,6039,1614
773704687002451968,6220,1492
773670353721753600,5042,1219
773547596996571136,20752,5666
773336787167145985,0,4647
773308824254029826,21899,6921
773247561583001600,8852,2990
773191612633579521,9347,3787
772877495989305348,8021,3567
772826264096874500,7550,2199
772615324260794368,0,3101
772581559778025472,6084,1576
772193107915964416,5660,1284
772152991789019136,3576,1048
772117678702071809,3535,684
772114945936949249,2573,440
772102971039580160,3760,860
771908950375665664,6158,1747
771770456517009408,11243,3129
771500966810099713,7746,2411
771380798096281600,9876,4647
771171053431250945,0,6862
771136648247640064,8574,2699
771102124360998913,5846,1324
771014301343748096,6464,1533
770787852854652928,4603,1099
770772759874076672,4875,1319
770655142660169732,6899,1660
770414278348247044,5918,1918
770293558247038976,5832,1351
770093767776997377,0,2797
770069151037685760,7116,2115
769940425801170949,29171,8792
769695466921623552,6023,1556
769335591808995329,0,7103
769212283578875904,5068,1592
768970937022709760,13352,5972
768909767477751808,0,2427
768855141948723200,3919,819
768609597686943744,3841,1094
768596291618299904,4720,1184
768554158521745409,0,5364
768473857036525572,12735,3147
768193404517830656,10143,3252
767884188863397888,4454,1261
767754930266464257,14928,4938
767500508068192258,7021,2136
767191397493538821,11492,3452
767122157629476866,9515,2627
766793450729734144,4725,1249
766714921925144576,2457,345
766693177336135680,3783,727
766423258543644672,5613,1449
766313316352462849,6322,1724
766078092750233600,0,2409
766069199026450432,3925,769
766008592277377025,3524,456
765719909049503744,6779,1982
765669560888528897,4840,1127
765395769549590528,25033,3097
765371061932261376,6660,1995
765222098633691136,10885,3101
764857477905154048,6059,1641
764259802650378240,5620,1382
763956972077010945,731,49
763837565564780549,11715,3790
763183847194451968,5041,1351
763167063695355904,0,2739
763103485927849985,6898,2108
762699858130116608,11321,3292
762471784394268675,10486,5877
762464539388485633,9612,3806
762316489655476224,4494,1026
762035686371364864,29702,14223
761976711479193600,5025,1815
761750502866649088,0,3571
761745352076779520,4003,790
761672994376806400,46108,26593
761599872357261312,3869,1096
761371037149827077,0,16575
761334018830917632,4809,1332
761292947749015552,4171,997
761227390836215808,4978,1437
761004547850530816,10612,3199
760893934457552897,3561,885
760656994973933572,6158,1741
760641137271070720,4654,1185
760539183865880579,7054,3321
760521673607086080,3909,1278
760290219849637889,24991,10522
760252756032651264,3691,795
760190180481531904,5332,1642
760153949710192640,0,29
759943073749200896,5514,1924
759846353224826880,6266,1790
759793422261743616,5563,1756
759557299618865152,4383,1100
759447681597108224,7906,2266
759446261539934208,1558,454
759197388317847553,5683,1797
759159934323924993,0,1065
759099523532779520,13577,3804
759047813560868866,6051,1844
758854675097526272,3313,837
758828659922702336,10435,3537
758740312047005698,5361,1495
758474966123810816,3546,911
758467244762497024,4463,2023
758405701903519748,4859,1754
758355060040593408,3142,956
758099635764359168,17635,9107
758041019896193024,2520,338
757741869644341248,6388,3012
757729163776290825,0,7176
757725642876129280,4239,1108
757611664640446465,4279,1004
757597904299253760,0,277
757596066325864448,4056,953
757400162377592832,14098,6285
757393109802180609,5427,1574
757354760399941633,4194,1298
756998049151549440,5853,1828
756939218950160384,6188,1831
756651752796094464,4690,1190
756526248105566208,9681,3287
756303284449767430,3677,1003
756288534030475264,41050,16244
756275833623502848,5956,1402
755955933503782912,6806,2613
755206590534418437,15256,4885
755110668769038337,19660,10148
754874841593970688,0,7213
754856583969079297,6425,2305
754747087846248448,2408,476
754482103782404096,4914,1785
754449512966619136,3494,671
754120377874386944,7361,2154
753655901052166144,5432,1983
753420520834629632,7308,3224
753398408988139520,5333,1722
753375668877008896,7113,2120
753298634498793472,0,5183
753294487569522689,3116,955
753039830821511168,34477,19095
753026973505581056,3642,873
752932432744185856,11718,6271
752917284578922496,6486,1437
752701944171524096,0,2604
752682090207055872,5580,1454
752660715232722944,4064,1417
752568224206688256,5102,2077
752519690950500352,6827,3144
752334515931054080,3582,1006
752309394570878976,0,14850
752173152931807232,5525,1664
751950017322246144,2841,830
751937170840121344,4811,1193
751830394383790080,5420,1779
751793661361422336,5375,2607
751598357617971201,7385,2821
751583847268179968,4091,1001
751538714308972544,4697,1143
751456908746354688,2996,919
751251247299190784,11690,5367
751205363882532864,5882,1658
751132876104687617,4713,1178
750868782890057730,4438,1241
750719632563142656,12215,4570
750506206503038976,4121,1043
750429297815552001,12263,3902
750383411068534784,4256,1038
750381685133418496,667,26
750147208377409536,2899,873
750132105863102464,3354,1174
750117059602808832,4038,1204
750101899009982464,2833,772
750086836815486976,2020,490
750071704093859840,7224,3017
750056684286914561,2946,817
750041628174217216,2948,564
750026558547456000,2519,717
750011400160841729,2996,819
749996283729883136,2820,754
749981277374128128,4768,2269
749774190421639168,4339,1204
749417653287129088,5653,1505
749403093750648834,2429,489
749395845976588288,7929,3139
749317047558017024,5081,2037
749075273010798592,5347,1877
749064354620928000,4488,1400
749036806121881602,2873,728
748977405889503236,9985,3119
748932637671223296,5390,2052
748705597323898880,2577,871
748699167502000129,4395,1452
748692773788876800,3944,1222
748575535303884801,5616,1796
748568946752774144,2037,606
748346686624440324,4831,1119
748337862848962560,7024,3720
748324050481647620,3440,689
748307329658011649,3432,652
748220828303695873,13099,7078
747963614829678593,5358,1948
747933425676525569,6157,2344
747885874273214464,2709,875
747844099428986880,2619,672
747816857231626240,4488,1053
747651430853525504,1270,143
747648653817413632,11919,5299
747600769478692864,2163,520
747594051852075008,3413,945
747512671126323200,5103,1471
747461612269887489,3578,938
747439450712596480,5024,1748
747242308580548608,0,2617
747219827526344708,4872,1431
747204161125646336,3115,828
747103485104099331,8859,3611
746906459439529985,2711,269
746872823977771008,5546,1934
746818907684614144,4935,1592
746790600704425984,4509,1456
746757706116112384,8804,3544
746726898085036033,5616,1633
746542875601690625,4674,1739
746521445350707200,0,898
746507379341139972,4332,989
746369468511756288,5741,1483
746131877086527488,6367,1991
746056683365994496,3314,737
745789745784041472,3651,961
745712589599014916,6481,2116
745433870967832576,6518,2299
745422732645535745,7928,2189
745314880350101504,6579,2468
745074613265149952,7241,3171
745057283344719872,6735,2045
744995568523612160,2733,567
744971049620602880,7271,2433
744709971296780288,5204,1429
744334592493166593,6322,1924
744234799360020481,144175,70294
744223424764059648,1530,323
743980027717509120,3887,1001
743895849529389061,3390,875
743835915802583040,0,1861
743609206067040256,4152,1266
743595368194129920,16892,5931
743545585370791937,3263,858
743510151680958465,7395,3408
743253157753532416,3919,1114
743222593470234624,5717,1729
743210557239623680,3550,1233
742534281772302336,6530,3265
742528092657332225,4088,1790
742465774154047488,6726,3584
742423170473463808,9063,3405
742385895052087300,6271,1769
742161199639494656,3985,1239
742150209887731712,4693,1393
741793263812808706,4207,1381
741743634094141440,7528,2487
741438259667034112,3406,743
741303864243200000,8100,2906
741099773336379392,9188,5002
741067306818797568,8830,2798
740995100998766593,5804,2457
740711788199743490,3138,858
740699697422163968,2646,705
740676976021798912,16778,6181
740373189193256964,32461,12088
740365076218183684,2241,384
740359016048689152,3041,794
740214038584557568,6164,1778
739979191639244800,18447,5364
739932936087216128,3742,982
739844404073074688,3514,785
739623569819336705,3490,1236
739606147276148736,4975,1487
739544079319588864,36357,19176
739485634323156992,6577,2631
739238157791694849,106743,52605
738891149612572673,89,6
738885046782832640,3498,1042
738883359779196928,3034,718
738537504001953792,4688,1392
738402415918125056,2997,737
738184450748633089,3957,1104
738166403467907072,8042,3023
738156290900254721,2273,581
737826014890496000,4819,1601
737800304142471168,9234,3159
737678689543020544,4624,1191
737445876994609152,9413,4038
737322739594330112,3314,728
737310737551491075,13475,6721
736736130620620800,3862,1536
736392552031657984,16281,6629
736365877722001409,3652,1109
736225175608430592,7465,2532
736010884653420544,7219,2693
735991953473572864,3286,1031
735648611367784448,3722,1005
735635087207878657,5642,2135
735274964362878976,12012,4528
735256018284875776,3054,801
735137028879360001,2869,875
734912297295085568,2536,471
734787690684657664,11523,5740
734776360183431168,2311,487
734559631394082816,1372,353
733828123016450049,3297,714
733822306246479872,3379,921
733482008106668032,2872,850
733460102733135873,3862,1135
733109485275860992,49198,15451
732732193018155009,2221,481
732726085725589504,3284,794
732585889486888962,3347,712
732375214819057664,7411,2273
732005617171337216,13647,4858
731285275100512256,3214,899
731156023742988288,3540,1140
730924654643314689,5623,1780
730573383004487680,4450,1906
730427201120833536,3193,937
730211855403241472,3480,956
730196704625098752,4428,1699
729854734790754305,3707,1009
729838605770891264,1597,338
729823566028484608,3646,1122
729463711119904772,5305,2082
729113531270991872,1733,287
728986383096946689,2882,736
728760639972315136,4277,1535
728751179681943552,2532,614
728653952833728512,3053,945
728409960103686147,4489,1820
728387165835677696,3416,875
728046963732717569,3923,1080
728035342121635841,4149,1507
728015554473250816,3776,989
727685679342333952,2717,572
727644517743104000,5371,1584
727524757080539137,4097,1079
727314416056803329,3060,670
727286334147182592,2816,744
727175381690781696,3585,1237
727155742655025152,3316,1194
726935089318363137,6282,2196
726887082820554753,3524,1362
726828223124897792,3297,911
726224900189511680,4071,1041
725842289046749185,6511,2409
725786712245440512,3838,1240
725729321944506368,4789,1603
725458796924002305,1300,554
724983749226668032,3435,1164
724771698126512129,2146,566
724405726123311104,4856,1508
724049859469295616,3968,1615
724046343203856385,2451,512
724004602748780546,3827,1387
723912936180330496,3582,1123
723688335806480385,7026,2636
723673163800948736,2785,812
723179728551723008,4857,1685
722974582966214656,3757,1428
722613351520608256,4579,1492
721503162398597120,4209,1639
721001180231503872,2340,551
720785406564900865,2858,698
720775346191278080,2249,564
720415127506415616,3782,1355
720389942216527872,5855,2259
720340705894408192,2619,872
720059472081784833,3549,1015
720043174954147842,4561,1813
719991154352222208,4471,1589
719704490224398336,4171,1293
719551379208073216,4636,1707
719367763014393856,2599,685
719339463458033665,4086,1117
719332531645071360,3175,854
718971898235854848,3197,984
718939241951195136,4799,1580
718631497683582976,17297,7197
718613305783398402,2251,427
718540630683709445,2242,920
718460005985447936,2500,474
718454725339934721,4497,1374
718246886998687744,1758,446
718234618122661888,3559,912
717841801130979328,2269,542
717790033953034240,2631,984
717537687239008257,5299,1657
717428917016076293,1474,405
717421804990701568,2882,756
717047459982213120,5789,1733
717009362452090881,2970,866
716802964044845056,3956,1047
716791146589110272,7733,1456
716730379797970944,1132,395
716447146686459905,11960,5297
716439118184652801,2188,189
716285507865542656,2552,962
716080869887381504,6238,1702
715928423106027520,2926,792
715758151270801409,3408,1282
715733265223708672,4275,1523
715704790270025728,2551,511
715696743237730304,3604,1160
715680795826982913,3961,1440
715360349751484417,5028,1408
715342466308784130,2787,621
715220193576927233,2206,585
715200624753819648,4743,1680
715009755312439296,3810,1104
714982300363173890,3422,930
714962719905021952,6735,3828
714957620017307648,3803,1276
714631576617938945,3008,894
714606013974974464,3333,825
714485234495041536,2446,1006
714258258790387713,2812,666
714251586676113411,3020,757
714214115368108032,2108,796
714141408463036416,3993,1277
713919462244790272,3034,720
713909862279876608,1744,483
713900603437621249,2609,660
713761197720473600,4452,1237
713411074226274305,4085,1184
713177543487135744,6636,2586
713175907180089344,4075,1328
712809025985978368,17506,6069
712717840512598017,11296,4496
712668654853337088,3818,1096
712438159032893441,4894,1413
712309440758808576,221,24
712097430750289920,3449,930
712092745624633345,2703,810
712085617388212225,3010,434
712065007010385924,2072,567
711998809858043904,0,120
711968124745228288,7402,2087
711743778164514816,2612,906
711732680602345472,8067,3683
711694788429553666,30203,16575
711652651650457602,3540,819
711363825979756544,3316,1015
711306686208872448,3042,676
711008018775851008,2736,559
710997087345876993,4206,1257
710844581445812225,2347,609
710833117892898816,2464,476
710658690886586372,2134,512
710609963652087808,4420,2150
710588934686908417,4170,1696
710296729921429505,2197,668
710283270106132480,1993,478
710272297844797440,4139,1137
710269109699739648,2190,1012
710153181850935296,2674,808
710140971284037632,2512,799
710117014656950272,5022,1778
709918798883774466,3222,992
709901256215666688,607,92
709852847387627521,3225,1085
709566166965075968,3251,1070
709556954897764353,3013,974
709519240576036864,1383,219
709449600415961088,2021,517
709409458133323776,2420,616
709225125749587968,2202,520
709207347839836162,11395,5165
709198395643068416,2264,588
709179584944730112,1850,608
709158332880297985,1873,363
709042156699303936,4318,1475
708853462201716736,1667,592
708845821941387268,2737,801
708834316713893888,1548,448
708810915978854401,15199,6240
708738143638450176,2532,737
708711088997666817,2332,637
708479650088034305,2339,616
708469915515297792,2847,729
708400866336894977,14637,9040
708356463048204288,3298,1198
708349470027751425,2185,676
708149363256774660,3978,1412
708130923141795840,3093,784
708119489313951744,2470,896
708109389455101952,1795,501
708026248782585858,4057,1747
707995814724026368,2861,1012
707983188426153984,45,2
707969809498152960,2481,866
707776935007539200,3004,871
707741517457260545,2284,553
707738799544082433,3723,2196
707693576495472641,3117,915
707629649552134146,2348,781
707610948723478529,15557,5701
707420581654872064,2066,631
707411934438625280,2111,543
707387676719185920,3205,1144
707377100785885184,3004,974
707315916783140866,2279,576
707297311098011648,2575,707
707059547140169728,2395,619
707038192327901184,2013,716
707021089608753152,3723,1220
707014260413456384,2108,537
706904523814649856,13399,7103
706901761596989440,1881,521
706681918348251136,3019,889
706644897839910912,2344,982
706593038911545345,1980,580
706538006853918722,3181,1285
706310011488698368,19499,7116
706291001778950144,1564,434
706265994973601792,2512,847
706169069255446529,3575,2000
706166467411222528,4713,1444
706153300320784384,1354,343
705975130514706432,2856,661
705970349788291072,2916,794
705898680587526145,2173,494
705786532653883392,1788,466
705591895322394625,2902,1026
705475953783398401,2732,823
705442520700944385,4054,1455
705428427625635840,3499,1515
705239209544720384,2767,676
705223444686888960,2369,712
705102439679201280,1954,472
705066031337840642,2007,556
704871453724954624,3952,1014
704859558691414016,2064,476
704847917308362754,4690,1363
704819833553219584,2443,895
704761120771465216,6121,2617
704499785726889984,2652,900
704491224099647488,688,71
704480331685040129,3142,977
704364645503647744,7315,3225
704347321748819968,1442,313
704134088924532736,1383,410
704113298707505153,1712,519
704054845121142784,2689,841
703774238772166656,1698,404
703769065844768768,3008,1018
703631701117943808,2356,599
703611486317502464,3537,1379
703425003149250560,3492,1217
703407252292673536,2253,623
703382836347330562,3211,1025
703356393781329922,1760,344
703268521220972544,1823,494
703079050210877440,6795,2794
703041949650034688,24287,11281
702932127499816960,2367,650
702899151802126337,1478,410
702684942141153280,2968,963
702671118226825216,2012,506
702598099714314240,11303,3126
702539513671897089,2635,864
702332542343577600,2927,1384
702321140488925184,3017,948
702276748847800320,2277,694
702217446468493312,4381,1222
701981390485725185,3149,888
701952816642965504,3533,927
701889187134500865,3239,1254
701805642395348998,3107,1503
701601587219795968,1922,415
701570477911896070,2573,837
701545186879471618,2446,549
701214700881756160,11243,4625
700890391244103680,2033,509
700864154249383937,2389,555
700847567345688576,2267,449
700796979434098688,2250,855
700747788515020802,20972,8409
700518061187723268,2387,720
700505138482569216,2101,521
700462010979500032,3775,1622
700167517596164096,2425,652
700151421916807169,2050,607
700143752053182464,6896,2427
700062718104104960,2444,611
700029284593901568,1912,528
700002074055016451,3023,1198
699801817392291840,2771,846
699788877217865730,2053,469
699779630832685056,2498,1104
699775878809702401,1800,538
699691744225525762,9432,4146
699446877801091073,5499,2393
699434518667751424,2024,464
699423671849451520,1250,287
699413908797464576,1927,569
699370870310113280,1747,391
699323444782047232,2888,783
699088579889332224,2080,561
699079609774645248,2254,570
699072405256409088,2709,1076
699060279947165696,3419,1612
699036661657767936,2394,1088
698989035503689728,3073,875
698953797952008193,2478,824
698907974262222848,2333,553
698710712454139905,2262,616
698703483621523456,1322,335
698635131305795584,1198,312
698549713696649216,2147,558
698355670425473025,1699,394
698342080612007937,2072,868
698262614669991936,4391,1791
698195409219559425,15485,5436
698178924120031232,2583,674
697995514407682048,1409,305
697990423684476929,3011,1167
697943111201378304,2194,612
697881462549430272,2772,1054
697630435728322560,1597,497
697616773278015490,2890,921
697596423848730625,2766,1131
697575480820686848,1881,451
697516214579523584,1871,989
697482927769255936,2231,597
697463031882764288,3160,1267
697270446429966336,4339,1711
697259378236399616,3034,900
697255105972801536,2843,1052
697242256848379904,2323,615
696900204696625153,2911,933
696894894812565505,2164,615
696886256886657024,4438,1624
696877980375769088,2254,636
696754882863349760,1368,328
696744641916489729,1888,833
696713835009417216,2167,583
696518437233913856,3626,1561
696490539101908992,1133,127
696488710901260288,2304,925
696405997980676096,2919,1050
696100768806522880,1770,584
695816827381944320,2754,1051
695794761660297217,2914,705
695767669421768709,1706,664
695629776980148225,4181,1889
695446424020918272,4083,1649
695409464418041856,7969,3234
695314793360662529,3325,1293
695095422348574720,2449,549
695074328191332352,2602,990
695064344191721472,1475,527
695051054296211456,2429,715
694925794720792577,2487,817
694905863685980160,2531,833
694669722378485760,32935,13042
694356675654983680,1387,250
694352839993344000,1876,538
694342028726001664,1457,431
694329668942569472,1818,449
694206574471057408,3808,1845
694183373896572928,2702,842
694001791655137281,3134,923
693993230313091072,1728,357
693942351086120961,1619,327
693647888581312512,2471,517
693644216740769793,1265,115
693642232151285760,2346,376
693629975228977152,2254,719
693622659251335168,1415,336
693590843962331137,4647,1774
693582294167244802,1513,222
693486665285931008,1622,565
693280720173801472,3080,1120
693267061318012928,2195,731
693262851218264065,2039,452
693231807727280129,2644,669
693155686491000832,7255,2889
693109034023534592,1556,549
693095443459342336,1696,403
692919143163629568,2494,695
692905862751522816,2231,789
692901601640583168,1612,535
692894228850999298,2077,713
692828166163931137,2653,795
692752401762250755,6266,3294
692568918515392513,4024,1392
692535307825213440,2898,1231
692530551048294401,1694,368
692423280028966913,1366,197
692417313023332352,8637,3131
692187005137076224,2331,743
692158366030913536,1968,717
692142790915014657,1509,353
692041934689402880,3113,1130
692017291282812928,2668,868
691820333922455552,3642,1488
691793053716221953,7475,3818
691756958957883396,2594,884
691675652215414786,1792,459
691483041324204033,2194,500
691459709405118465,3718,1019
691444869282295808,2430,750
691416866452082688,17802,6893
691321916024623104,2376,599
691096613310316544,2753,792
691090071332753408,1602,305
690989312272396288,5434,2609
690959652130045952,3304,1112
690938899477221376,3762,1742
690932576555528194,3020,904
690735892932222976,3487,1148
690728923253055490,1994,465
690690673629138944,2144,744
690649993829576704,1198,247
690607260360429569,278,14
690597161306841088,1778,546
690400367696297985,1741,406
690374419777196032,2964,759
690360449368465409,2440,789
690348396616552449,1364,461
690248561355657216,1536,369
690021994562220032,2577,920
690015576308211712,2293,659
690005060500217858,3377,1533
689999384604450816,1303,328
689993469801164801,1346,404
689977555533848577,1261,407
689905486972461056,2251,620
689877686181715968,2787,1041
689835978131935233,2011,688
689661964914655233,2992,850
689659372465688576,9501,3462
689623661272240129,2037,579
689599056876867584,10730,5005
689557536375177216,1895,403
689517482558820352,3118,1293
689289219123089408,2065,845
689283819090870273,3005,1003
689280876073582592,1820,638
689275259254616065,1051,225
689255633275777024,2342,972
689154315265683456,2854,895
689143371370250240,1862,454
688916208532455424,2492,772
688908934925697024,1939,706
688898160958271489,1920,710
688894073864884227,2056,618
688828561667567616,1273,321
688804835492233216,885,168
688789766343622656,2046,604
688547210804498433,2392,626
688519176466644993,2145,657
688385280030670848,8511,4074
688211956440801280,2073,751
688179443353796608,1976,527
688116655151435777,2603,696
688064179421470721,1592,322
687841446767013888,5008,2246
687826841265172480,2512,1007
687818504314159109,2277,861
687807801670897665,2196,656
687732144991551489,1611,594
687704180304273409,2236,764
687664829264453632,1800,469
687494652870668288,1752,527
687480748861947905,1471,221
687476254459715584,1825,481
687460506001633280,1907,490
687399393394311168,1740,551
687317306314240000,18607,8322
687312378585812992,3998,1726
687127927494963200,4960,2044
687124485711986689,2014,460
687109925361856513,5343,2224
687102708889812993,2166,869
687096057537363968,2071,551
686947101016735744,7968,2899
686760001961103360,3235,1254
686749460672679938,3192,1314
686730991906516992,3793,1087
686683045143953408,2604,729
686618349602762752,3403,1236
686606069955735556,1747,490
686394059078897668,1586,630
686386521809772549,3001,791
686377065986265092,2043,514
686358356425093120,1992,597
686286779679375361,3704,1519
686050296934563840,2065,665
686035780142297088,1059,103
686034024800862208,2833,1034
686007916130873345,2273,363
686003207160610816,1677,562
685973236358713344,1932,477
685943807276412928,1494,532
685906723014619143,6876,2580
685681090388975616,1884,110
685667379192414208,2178,507
685663452032069632,2966,1329
685641971164143616,2681,694
685547936038666240,30291,14075
685532292383666176,2801,1043
685325112850124800,8659,3571
685321586178670592,2438,578
685315239903100929,3022,942
685307451701334016,1919,395
685268753634967552,2831,1070
685198997565345792,2135,588
685169283572338688,3772,1272
684969860808454144,2216,326
684959798585110529,6280,2804
684940049151070208,2962,944
684926975086034944,3208,417
684914660081053696,3210,1320
684902183876321280,1716,463
684880619965411328,1919,722
684830982659280897,32269,19613
684800227459624960,2511,899
684594889858887680,8161,3163
684588130326986752,3801,1273
684567543613382656,2753,1101
684538444857667585,2432,852
684481074559381504,3557,1069
684460069371654144,1811,502
684241637099323392,7462,2939
684225744407494656,1137,183
684222868335505415,3504,1237
684200372118904832,1979,943
684195085588783105,1756,452
684188786104872960,3213,1045
684177701129875456,1862,591
684147889187209216,2735,1367
684122891630342144,1858,425
684097758874210310,3777,1293
683857920510050305,3507,1017
683852578183077888,1786,315
683849932751646720,2404,850
683834909291606017,2406,1017
683828599284170753,2576,969
683773439333797890,3063,1218
683742671509258241,5957,2993
683515932363329536,6767,2604
683498322573824003,2923,872
683481228088049664,2442,901
683462770029932544,2236,620
683449695444799489,3570,1454
683391852557561860,7025,2170
683357973142474752,2656,822
683142553609318400,2638,931
683111407806746624,3134,814
683098815881154561,1990,587
683078886620553216,1852,517
683030066213818368,1994,666
682962037429899265,33678,14816
682808988178739200,1626,154
682788441537560576,2277,1016
682750546109968385,1398,398
682697186228989953,1210,333
682662431982772225,2806,986
682638830361513985,1898,533
682429480204398592,3173,1042
682406705142087680,6945,1584
682393905736888321,2061,595
682389078323662849,1534,423
682303737705140231,2811,882
682259524040966145,3796,1077
682242692827447297,2957,1036
682088079302213632,16736,8841
682059653698686977,4529,1523
682047327939461121,2941,845
682032003584274432,6041,1788
682003177596559360,2850,1365
681981167097122816,2588,916
681891461017812993,2266,744
681694085539872773,11780,3678
681679526984871937,1627,399
681654059175129088,2410,819
681610798867845120,1724,416
681579835668455424,3241,1173
681523177663676416,13129,5183
681340665377193984,1516,246
681339448655802368,8540,3691
681320187870711809,2402,671
681302363064414209,3590,1618
681297372102656000,2951,852
681281657291280384,2956,992
681261549936340994,1331,235
681242418453299201,1351,469
681231109724700672,2229,435
681193455364796417,3401,1332
680970795137544192,2203,583
680959110691590145,4203,1816
680940246314430465,2921,935
680934982542561280,1907,391
680913438424612864,2204,562
680889648562991104,1611,323
680836378243002368,3177,1181
680805554198020098,1971,607
680801747103793152,2181,739
680798457301471234,2600,937
680609293079592961,2405,622
680583894916304897,3293,1186
680497766108381184,3875,1728
680494726643068929,1570,438
680473011644985345,2339,668
680440374763077632,1320,438
680221482581123072,1357,260
680206703334408192,2577,1039
680191257256136705,1973,440
680176173301628928,3550,1389
680161097740095489,2136,669
680145970311643136,3307,1554
680130881361686529,2109,854
680115823365742593,2490,821
680100725817409536,3292,1243
680085611152338944,11704,8112
680070545539371008,2380,771
679877062409191424,1786,575
679872969355714560,2011,595
679862121895714818,2242,553
679854723806179328,2604,1096
679844490799091713,2181,685
679828447187857408,33032,12524
679777920601223168,2850,991
679736210798047232,1908,713
679729593985699840,1987,746
679722016581222400,1534,424
679530280114372609,4355,1876
679527802031484928,2420,648
679511351870550016,3061,1142
679503373272485890,2901,1330
679475951516934144,1915,578
679462823135686656,29286,16931
679405845277462528,2152,1069
679158373988876288,19357,7213
679148763231985668,2548,919
679132435750195208,2690,1034
679111216690831360,5411,2298
679062614270468097,15437,7176
679047485189439488,2051,585
679001094530465792,2588,1092
678991772295516161,2061,1014
678969228704284672,1497,408
678800283649069056,2349,816
678798276842360832,3156,1024
678774928607469569,2567,818
678767140346941444,3214,1221
678764513869611008,1477,413
678755239630127104,6461,2917
678740035362037760,3386,1484
678708137298427904,5111,2177
678675843183484930,2597,1311
678643457146150913,1874,359
678446151570427904,3648,1370
678424312106393600,4980,2262
678410210315247616,3816,1604
678399652199309312,73176,28455
678396796259975168,1450,373
678389028614488064,1707,380
678380236862578688,2228,821
678341075375947776,1569,471
678334497360859136,1180,222
678278586130948096,10382,5466
678255464182861824,1446,327
678023323247357953,1739,340
678021115718029313,12325,5604
677961670166224897,3130,1521
677918531514703872,1217,364
677895101218201600,4381,1836
677716515794329600,2780,874
677700003327029250,3101,1284
677698403548192770,1117,286
677687604918272002,2251,751
677673981332312066,3025,1343
677662372920729601,1768,840
677644091929329666,1704,725
677573743309385728,1929,597
677565715327688705,1187,409
677557565589463040,2211,1012
677547928504967168,6298,3282
677530072887205888,963,204
677335745548390400,2756,1544
677334615166730240,1223,250
677331501395156992,986,207
677328882937298944,3324,1338
677314812125323265,1495,469
677301033169788928,1110,354
677269281705472000,1793,636
677228873407442944,3196,1459
677187300187611136,2475,808
676975532580409345,2521,949
676957860086095872,2019,719
676949632774234114,1180,348
676948236477857792,1951,771
676946864479084545,1573,326
676942428000112642,1868,665
676936541936185344,11584,4413
676916996760600576,2686,1610
676897532954456065,2048,647
676864501615042560,1884,622
676821958043033607,20643,13718
676819651066732545,1651,598
676811746707918848,1302,379
676776431406465024,4504,1796
676617503762681856,2608,854
676613908052996102,984,176
676606785097199616,1720,386
676603393314578432,1036,339
676593408224403456,4122,1882
676590572941893632,837,110
676588346097852417,2076,696
676582956622721024,1073,251
676575501977128964,2323,985
676533798876651520,1695,487
676496375194980353,1371,470
676470639084101634,10544,4164
676440007570247681,1560,587
676430933382295552,1261,302
676263575653122048,1887,483
676237365392908289,1088,249
676219687039057920,70648,27638
676215927814406144,1569,516
676191832485810177,2048,915
676146341966438401,1746,585
676121918416756736,1961,1024
676101918813499392,2577,1047
676098748976615425,2668,1245
676089483918516224,1178,389
675898130735476737,1440,506
675891555769696257,1918,761
675888385639251968,2112,839
675878199931371520,3779,1237
675870721063669760,1463,496
675853064436391936,2418,1132
675849018447167488,863,123
675845657354215424,2043,775
675822767435051008,1384,474
675820929667219457,954,206
675798442703122432,9296,3040
675781562965868544,1452,418
675740360753160193,1056,295
675710890956750848,1682,717
675707330206547968,1783,596
675706639471788032,582,85
675534494439489536,1661,361
675531475945709568,1065,329
675522403582218240,936,249
675517828909424640,1148,407
675501075957489664,15506,5200
675497103322386432,2813,1130
675489971617296384,1147,526
675483430902214656,1658,852
675432746517426176,1358,501
675372240448454658,1523,452
675362609739206656,942,192
675354435921575936,29346,14850
675349384339542016,3522,1996
675334060156301312,2482,1127
675166823650848770,3163,1382
675153376133427200,5574,2256
675149409102012420,3343,1496
675147105808306176,841,197
675146535592706048,1050,254
675145476954566656,1912,778
675135153782571009,1162,410
675113801096802304,1732,686
675111688094527488,867,213
675109292475830276,2513,995
675047298674663426,925,274
675015141583413248,2403,1033
675006312288268288,872,200
675003128568291329,1387,406
674999807681908736,1991,951
674805413498527744,757,315
674800520222154752,2689,746
674793399141146624,2217,950
674790488185167872,981,216
674788554665512960,718,181
674781762103414784,1802,1043
674774481756377088,980,407
674767892831932416,1623,689
674764817387900928,699,200
674754018082705410,1227,382
674752233200820224,1307,399
674743008475090944,1259,463
674742531037511680,430,44
674739953134403584,965,326
674737130913071104,580,80
674690135443775488,1022,411
674670581682434048,1443,565
674664755118911488,808,205
674646392044941312,1279,429
674644256330530816,925,240
674638615994089473,1512,509
674632714662858753,1338,500
674606911342424069,838,86
674468880899788800,5544,1773
674447403907457024,954,314
674436901579923456,985,344
674422304705744896,1281,464
674416750885273600,608,114
674410619106390016,1067,400
674394782723014656,1332,487
674372068062928900,765,280
674330906434379776,503,65
674318007229923329,1249,449
674307341513269249,10110,6009
674291837063053312,13147,5128
674271431610523648,1393,642
674269164442398721,823,202
674265582246694913,1458,726
674262580978937856,1176,382
674255168825880576,1298,464
674082852460433408,677,144
674075285688614912,887,245
674063288070742018,5705,1905
674053186244734976,2943,1124
674051556661161984,1288,431
674045139690631169,1266,564
674042553264685056,634,109
674038233588723717,976,366
674036086168010753,758,180
674024893172875264,1578,1081
674019345211760640,1011,264
674014384960745472,1385,559
674008982932058114,1083,299
673956914389192708,1742,833
673919437611909120,1056,325
673906403526995968,2838,1427
673887867907739649,839,220
673716320723169284,2774,669
673715861853720576,3155,1804
673711475735838725,938,264
673709992831262724,747,236
673708611235921920,951,253
673707060090052608,987,346
673705679337693185,1124,358
673700254269775872,1280,500
673697980713705472,3502,1690
673689733134946305,1536,568
673688752737402881,1124,438
673686845050527744,1273,375
673680198160809984,1228,414
673662677122719744,1122,326
673656262056419329,650,198
673636718965334016,992,307
673612854080196609,1424,629
673583129559498752,1062,313
673580926094458881,733,238
673576835670777856,1226,486
673363615379013632,930,266
673359818736984064,1285,592
673355879178194945,1339,491
673352124999274496,1493,471
673350198937153538,681,184
673345638550134785,2223,1098
673343217010679808,853,234
673342308415348736,1127,492
673320132811366400,11925,6862
673317986296586240,779,216
673295268553605120,6705,2739
673270968295534593,953,312
673240798075449344,1272,614
673213039743795200,1965,724
673148804208660480,1486,547
672997845381865473,1748,629
672995267319328768,843,251
672988786805112832,874,253
672984142909456390,1116,469
672980819271634944,1624,887
672975131468300288,1492,775
672970152493887488,836,302
672968025906282496,1179,469
672964561327235073,1259,557
672902681409806336,1228,422
672898206762672129,792,363
672884426393653248,1364,723
672877615439593473,906,300
672834301050937345,1151,502
672828477930868736,1107,416
672640509974827008,873,270
672622327801233409,1147,419
672614745925664768,1085,510
672609152938721280,967,338
672604026190569472,964,335
672594978741354496,1175,528
672591762242805761,840,284
672591271085670400,638,157
672538107540070400,899,316
672523490734551040,550,146
672488522314567680,988,371
672482722825261057,986,517
672481316919734272,638,110
672475084225949696,1291,605
672466075045466113,1193,447
672272411274932228,5697,2923
672267570918129665,1311,536
672264251789176834,1007,285
672256522047614977,2504,1324
672254177670729728,1270,647
672248013293752320,1526,520
672245253877968896,606,131
672239279297454080,803,275
672231046314901505,1618,876
672222792075620352,699,176
672205392827572224,1977,1005
672169685991993344,908,317
672160042234327040,764,303
672139350159835138,1538,592
672125275208069120,2110,985
672095186491711488,872,328
672082170312290304,836,318
672068090318987265,1131,439
671896809300709376,7582,3663
671891728106971137,1170,479
671882082306625538,3090,1201
671879137494245376,1242,570
671874878652489728,1105,478
671866342182637568,994,417
671855973984772097,791,371
671789708968640512,6300,2991
671768281401958400,1043,433
671763349865160704,1488,771
671744970634719232,1199,659
671743150407421952,672,200
671735591348891648,1280,651
671729906628341761,7474,3786
671561002136281088,11353,6296
671550332464455680,809,183
671547767500775424,1202,496
671544874165002241,1726,888
671542985629241344,966,483
671538301157904385,837,333
671536543010570240,1035,343
671533943490011136,896,493
671528761649688577,735,214
671520732782923777,1216,454
671518598289059840,828,250
671511350426865664,1419,605
671504605491109889,6216,3112
671497587707535361,823,386
671488513339211776,884,412
671486386088865792,509,172
671485057807351808,676,195
671390180817915904,1275,651
671362598324076544,972,257
671357843010908160,351,133
671355857343524864,417,104
671347597085433856,829,369
671186162933985280,639,176
671182547775299584,974,283
671166507850801152,778,301
671163268581498880,1455,965
671159727754231808,314,68
671154572044468225,624,186
671151324042559489,587,126
671147085991960577,580,191
671141549288370177,1018,569
671138694582165504,819,340
671134062904504320,651,162
671122204919246848,3074,2180
671115716440031232,1209,669
671109016219725825,1000,377
670995969505435648,965,241
670842764863651840,22003,7552
670840546554966016,522,165
670838202509447168,980,597
670833812859932673,382,109
670832455012716544,645,184
670826280409919488,4859,3491
670823764196741120,673,159
670822709593571328,543,83
670815497391357952,2773,1312
670811965569282048,981,230
670807719151067136,1050,425
670804601705242624,1730,814
670803562457407488,301,77
670797304698376195,658,202
670792680469889025,730,236
670789397210615808,582,210
670786190031921152,527,168
670783437142401025,721,330
670782429121134593,1345,653
670780561024270336,697,249
670778058496974848,297,62
670764103623966721,954,371
670755717859713024,391,87
670733412878163972,848,446
670727704916926465,734,312
670717338665226240,1049,416
670704688707301377,686,317
670691627984359425,516,208
670679630144274432,662,240
670676092097810432,214,35
670668383499735048,9422,4298
670474236058800128,1331,629
670468609693655041,314,77
670465786746662913,851,466
670452855871037440,489,174
670449342516494336,1072,567
670444955656130560,6037,1736
670442337873600512,579,175
670435821946826752,938,433
670434127938719744,1254,560
670433248821026816,294,100
670428280563085312,1225,520
670427002554466305,460,141
670421925039075328,1137,549
670420569653809152,536,265
670417414769758208,501,280
670411370698022913,1787,765
670408998013820928,485,187
670403879788544000,374,128
670385711116361728,487,173
670374371102445568,669,236
670361874861563904,288,55
670338931251150849,372,96
670319130621435904,3461,1065
670303360680108032,381,107
670290420111441920,622,249
670093938074779648,906,274
670086499208155136,618,217
670079681849372674,1951,1055
670073503555706880,1379,677
670069087419133954,549,205
670061506722140161,663,288
670055038660800512,592,279
670046952931721218,574,151
670040295598354432,655,96
670037189829525505,526,240
670003130994700288,295,77
669993076832759809,284,70
669972011175813120,392,132
669970042633789440,271,43
669942763794931712,443,131
669926384437997569,338,81
669923323644657664,202,50
669753178989142016,704,340
669749430875258880,227,55
669684865554620416,446,74
669683899023405056,338,93
669682095984410625,312,115
669680153564442624,580,240
669661792646373376,713,365
669625907762618368,3109,1560
669603084620980224,843,316
669597912108789760,447,131
669583744538451968,1314,797
669573570759163904,388,120
669571471778410496,1401,877
669567591774625800,202,45
669564461267722241,335,104
669393256313184256,313,62
669375718304980992,1168,626
669371483794317312,434,148
669367896104181761,405,129
669363888236994561,555,199
669359674819481600,330,103
669354382627049472,2373,1088
669353438988365824,563,225
669351434509529089,377,153
669328503091937280,904,363
669327207240699904,496,101
669324657376567296,439,182
669216679721873412,1052,346
669214165781868544,383,135
669203728096960512,884,405
669037058363662336,571,264
669015743032369152,647,322
669006782128353280,510,209
669000397445533696,18628,5498
668994913074286592,389,187
668992363537309700,656,292
668989615043424256,594,288
668988183816871936,796,389
668986018524233728,477,139
668981893510119424,477,258
668979806671884288,700,291
668975677807423489,1149,495
668967877119254528,127,18
668960084974809088,617,209
668955713004314625,240,63
668932921458302977,227,50
668902994700836864,276,87
668892474547511297,354,126
668872652652679168,475,267
668852170888998912,408,139
668826086256599040,382,112
668815180734689280,491,225
668779399630725120,627,323
668655139528511488,470,187
668645506898350081,770,457
668643542311546881,781,445
668641109086707712,942,465
668636665813057536,916,434
668633411083464705,2453,1374
668631377374486528,616,280
668627278264475648,281,96
668625577880875008,326,111
668623201287675904,1243,651
668620235289837568,180,35
668614819948453888,542,271
668587383441514497,1472,918
668567822092664832,206,46
668544745690562560,453,197
668542336805281792,403,181
668537837512433665,226,61
668528771708952576,401,188
668507509523615744,275,87
668496999348633600,357,114
668484198282485761,371,207
668480044826800133,394,127
668466899341221888,766,439
668297328638447616,555,255
668291999406125056,213,28
668286279830867968,436,116
668274247790391296,717,196
668268907921326080,483,205
668256321989451776,1147,516
668248472370458624,839,406
668237644992782336,5421,2411
668226093875376128,246,85
668221241640230912,452,168
668204964695683073,487,171
668190681446379520,574,171
668171859951755264,424,161
668154635664932864,438,272
668142349051129856,507,239
668113020489474048,580,207
667937095915278337,1111,686
667924896115245057,264,95
667915453470232577,184,46
667911425562669056,429,245
667902449697558528,754,333
667886921285246976,1645,906
667885044254572545,729,398
667878741721415682,347,100
667873844930215936,550,338
667866724293877760,2705,898
667861340749471744,222,69
667832474953625600,255,54
667806454573760512,926,416
667801013445750784,282,81
667793409583771648,605,286
667782464991965184,362,210
667773195014021121,203,44
667766675769573376,371,185
667728196545200128,323,126
667724302356258817,422,266
667550904950915073,0,28
667550882905632768,0,25
667549055577362432,5086,1942
667546741521195010,303,106
667544320556335104,760,456
667538891197542400,175,58
667534815156183040,715,443
667530908589760512,409,206
667524857454854144,1496,963
667517642048163840,331,165
667509364010450944,6033,1856
667502640335572993,484,193
667495797102141441,457,231
667491009379606528,456,189
667470559035432960,225,85
667455448082227200,171,53
667453023279554560,279,73
667443425659232256,681,486
667437278097252352,396,197
667435689202614272,267,76
667405339315146752,410,194
667393430834667520,168,50
667369227918143488,328,142
667211855547486208,425,209
667200525029539841,542,227
667192066997374976,332,86
667188689915760640,642,328
667182792070062081,12492,5248
667177989038297088,164,48
667176164155375616,524,385
667174963120574464,218,69
667171260800061440,186,71
667165590075940865,2373,964
667160273090932737,218,50
667152164079423490,42122,14561
667138269671505920,3996,1861
667119796878725120,284,105
667090893657276420,286,105
667073648344346624,351,103
667070482143944705,72,12
667065535570550784,143,40
667062181243039745,192,45
667044094246576128,162,43
667012601033924608,393,185
666996132027977728,213,78
666983947667116034,2235,841
666837028449972224,702,467
666835007768551424,183,65
666826780179869698,218,78
666817836334096384,442,209
666804364988780544,206,78
666786068205871104,656,408
666781792255496192,324,168
666776908487630848,303,148
666739327293083650,207,59
666701168228331520,371,181
666691418707132416,160,41
666649482315059201,992,522
666644823164719104,207,68
666454714377183233,446,179
666447344410484738,90,19
666437273139982337,106,40
666435652385423360,137,41
666430724426358785,276,159
666428276349472768,139,67
666421158376562688,272,90
666418789513326592,107,39
666411507551481857,371,261
666407126856765440,93,30
666396247373291520,147,68
666373753744588802,162,73
666362758909284353,648,466
666353288456101888,178,56
666345417576210432,242,121
666337882303524864,168,79
666293911632134144,425,288
666287406224695296,123,55
666273097616637952,151,66
666268910803644416,99,38
666104133288665088,12839,5452
666102155909144576,66,11
666099513787052032,134,53
666094000022159362,141,63
666082916733198337,92,37
666073100786774016,273,129
666071193221509120,127,50
666063827256086533,395,180
666058600524156928,99,47
666057090499244032,247,111
666055525042405380,366,196
666051853826850816,1023,698
666050758794694657,115,50
666049248165822465,88,36
666044226329800704,246,115
666033412701032449,100,36
666029285002620928,112,39
666020888022790149,2282,419
